load_users,2022-04-26 20:04:49
load_couriers,2022-04-26 20:04:49
load_ingredients,2022-04-26 20:04:49
load_tools,2022-04-26 20:04:49
load_users,2022-04-26 20:05:04
load_couriers,2022-04-26 20:05:04
load_ingredients,2022-04-26 20:05:04
load_tools,2022-04-26 20:05:04
add_ingredient,2022-04-26 20:05:22
load_users,2022-04-29 12:02:46
load_couriers,2022-04-29 12:02:46
load_ingredients,2022-04-29 12:02:46
load_tools,2022-04-29 12:02:46
load_users,2022-04-29 12:09:12
load_couriers,2022-04-29 12:09:12
load_ingredients,2022-04-29 12:09:12
load_tools,2022-04-29 12:09:12
add_ingredient,2022-04-29 12:10:12
load_users,2022-04-29 12:14:57
load_couriers,2022-04-29 12:14:57
load_ingredients,2022-04-29 12:14:57
load_tools,2022-04-29 12:14:57
load_users,2022-04-29 12:21:07
load_couriers,2022-04-29 12:21:07
load_ingredients,2022-04-29 12:21:07
load_tools,2022-04-29 12:21:07
